{"cameraMode":{"drawMode":0,"name":"Shaded","section":"Shading Mode"},"sceneLighting":true,"audioPlay":false,"sceneViewState":{"m_AlwaysRefresh":false,"showFog":true,"showSkybox":true,"showFlares":true,"showImageEffects":true,"showParticleSystems":true,"showVisualEffectGraphs":true,"m_FxEnabled":true},"in2DMode":false,"pivot":{"x":-5.258876323699951,"y":2.6812620162963869,"z":-0.9407028555870056},"rotation":{"x":-0.2218780815601349,"y":-0.028378866612911226,"z":0.006383800879120827,"w":-0.9747503995895386},"size":24.64007568359375,"orthographic":false}