{"cameraMode":{"drawMode":0,"name":"Shaded","section":"Shading Mode"},"sceneLighting":true,"audioPlay":false,"sceneViewState":{"m_AlwaysRefresh":false,"showFog":true,"showSkybox":true,"showFlares":true,"showImageEffects":true,"showParticleSystems":true,"showVisualEffectGraphs":true,"m_FxEnabled":true},"in2DMode":false,"pivot":{"x":-0.7142266035079956,"y":10.740522384643555,"z":-16.736963272094728},"rotation":{"x":0.12745292484760285,"y":-0.01339513249695301,"z":0.0017191797960549594,"w":0.9917764663696289},"size":13.24927043914795,"orthographic":false}