{"cameraMode":{"drawMode":0,"name":"Shaded","section":"Shading Mode"},"sceneLighting":true,"audioPlay":false,"sceneViewState":{"m_AlwaysRefresh":false,"showFog":true,"showSkybox":true,"showFlares":true,"showImageEffects":true,"showParticleSystems":true,"showVisualEffectGraphs":true,"m_FxEnabled":true},"in2DMode":false,"pivot":{"x":-0.7142266035079956,"y":10.740522384643555,"z":-16.736963272094728},"rotation":{"x":0.22923125326633454,"y":0.014594673179090023,"z":-0.003444428090006113,"w":0.9732798337936401},"size":15.618030548095704,"orthographic":false}