{"cameraMode":{"drawMode":0,"name":"Shaded","section":"Shading Mode"},"sceneLighting":false,"audioPlay":false,"sceneViewState":{"m_AlwaysRefresh":false,"showFog":true,"showSkybox":false,"showFlares":true,"showImageEffects":true,"showParticleSystems":true,"showVisualEffectGraphs":true,"m_FxEnabled":true},"in2DMode":false,"pivot":{"x":-0.5725173950195313,"y":-1.086535930633545,"z":-0.4606800079345703},"rotation":{"x":0.060258861631155017,"y":-0.02545948512852192,"z":0.0014848255086690188,"w":0.9979382753372192},"size":13.723977088928223,"orthographic":false}