{"cameraMode":{"drawMode":0,"name":"Shaded","section":"Shading Mode"},"sceneLighting":false,"audioPlay":false,"sceneViewState":{"m_AlwaysRefresh":false,"showFog":true,"showSkybox":false,"showFlares":true,"showImageEffects":true,"showParticleSystems":true,"showVisualEffectGraphs":true,"m_FxEnabled":true},"in2DMode":false,"pivot":{"x":0.012566447257995606,"y":-2.5790188312530519,"z":-0.25467967987060549},"rotation":{"x":0.060258861631155017,"y":-0.02545948512852192,"z":0.0014848255086690188,"w":0.9979382753372192},"size":1.1418135166168213,"orthographic":false}